{
    "Export": {
        "NetworkProtocolDirectory": {
            "Value": "../Config/NetworkProtocol",
            "Comment": "ProtoBuf文件所在的文件夹位置"
        },
        "NetworkProtocolServerDirectory": {
            "Value": "../../Server/Entity/Generate/NetworkProtocol",
            "Comment": "ProtoBuf生成到服务端的文件夹位置"
        },
        "NetworkProtocolClientDirectory": {
            "Value": "../../Client/Unity/Assets/Scripts/Hotfix/Generate/NetworkProtoco",
            "Comment": "ProtoBuf生成到客户端的文件夹位置"
        }
    }
}
